source_id,siglum,kind,title,path,physical_exemplar,independence_status,role,sha256,provenance,coverage,notes
S001,README.md,workflow_evidence,Legacy Gongchig README.md,source/legacy/README.md,unidentified,same repository lineage; not independent witnesses,source/provenance,9cb6038624f72b3768a000c8bd3c45b1ef3e40759a06ecb28beba1e9b6534686,https://github.com/Lotus-King-Translation/Gongchig/blob/1d815bff0e12b8eacea9d6776b89b34f82ef038b/README.md,workflow metadata,Archived byte-for-byte; no physical source authentication
S002,root/001.tok,electronic_transcript,Legacy Gongchig root/001.tok,source/legacy/root/001.tok,unidentified,same repository lineage; not independent witnesses,source/provenance,adb3e4a13a3dd955362b20d81c64b7ed703e044cb1b2a5d430e2dc58d900b05c,https://github.com/Lotus-King-Translation/Gongchig/blob/1d815bff0e12b8eacea9d6776b89b34f82ef038b/root/001.tok,whole supplied text,Archived byte-for-byte; no physical source authentication
S003,root/001.txt,electronic_transcript,Legacy Gongchig root/001.txt,source/legacy/root/001.txt,unidentified,same repository lineage; not independent witnesses,source/provenance,8e87f8cc8ce95a80e15b70f60e464ec6d44d9067dddeddc2e1fe6c72f13e82aa,https://github.com/Lotus-King-Translation/Gongchig/blob/1d815bff0e12b8eacea9d6776b89b34f82ef038b/root/001.txt,whole supplied text,Archived byte-for-byte; no physical source authentication
S004,root/001_v2.txt,electronic_transcript,Legacy Gongchig root/001_v2.txt,source/legacy/root/001_v2.txt,unidentified,same repository lineage; not independent witnesses,source/provenance,8e87f8cc8ce95a80e15b70f60e464ec6d44d9067dddeddc2e1fe6c72f13e82aa,https://github.com/Lotus-King-Translation/Gongchig/blob/1d815bff0e12b8eacea9d6776b89b34f82ef038b/root/001_v2.txt,whole supplied text,Archived byte-for-byte; no physical source authentication
S005,scripts/export_to_csv.py,workflow_evidence,Legacy Gongchig scripts/export_to_csv.py,source/legacy/scripts/export_to_csv.py,unidentified,same repository lineage; not independent witnesses,source/provenance,bc9408a7303078004fe279e09982f0de382a89f44c1e89c007d61dbc8e522e26,https://github.com/Lotus-King-Translation/Gongchig/blob/1d815bff0e12b8eacea9d6776b89b34f82ef038b/scripts/export_to_csv.py,workflow metadata,Archived byte-for-byte; no physical source authentication
S006,scripts/export_to_html.py,workflow_evidence,Legacy Gongchig scripts/export_to_html.py,source/legacy/scripts/export_to_html.py,unidentified,same repository lineage; not independent witnesses,source/provenance,ded240161943be1e5781fe29fe2069fe304d82b21babbd30008f4b0d5cdb280e,https://github.com/Lotus-King-Translation/Gongchig/blob/1d815bff0e12b8eacea9d6776b89b34f82ef038b/scripts/export_to_html.py,workflow metadata,Archived byte-for-byte; no physical source authentication
S007,scripts/sentences_to_transifex.py,workflow_evidence,Legacy Gongchig scripts/sentences_to_transifex.py,source/legacy/scripts/sentences_to_transifex.py,unidentified,same repository lineage; not independent witnesses,source/provenance,1942eb5446ff73bfaf326cc478205daec970a8d9ff3ccd862f79d6e95f5f583e,https://github.com/Lotus-King-Translation/Gongchig/blob/1d815bff0e12b8eacea9d6776b89b34f82ef038b/scripts/sentences_to_transifex.py,workflow metadata,Archived byte-for-byte; no physical source authentication
S008,wip/bo/001.po,derivative_transcription,Legacy Gongchig wip/bo/001.po,source/legacy/wip/bo/001.po,unidentified,same repository lineage; not independent witnesses,source/provenance,a7713c3b1c3832564c5e92d281523779ed93be0032446c8f90dbe1283d81e8fe,https://github.com/Lotus-King-Translation/Gongchig/blob/1d815bff0e12b8eacea9d6776b89b34f82ef038b/wip/bo/001.po,whole supplied text,Archived byte-for-byte; no physical source authentication
S009,wip/en/001.po,reference_translation,Legacy Gongchig wip/en/001.po,source/legacy/wip/en/001.po,unidentified,same repository lineage; not independent witnesses,reference,ae18bae0812a1e00f25b0a4990a9eccef6b7e53290cc075ca90500283c6b0681,https://github.com/Lotus-King-Translation/Gongchig/blob/1d815bff0e12b8eacea9d6776b89b34f82ef038b/wip/en/001.po,whole supplied text,Archived byte-for-byte; no physical source authentication
