Tibetan,English,Meaning and scope,Allowed grammatical forms,Contextual exceptions,Related entries,Rationale and sources,Status and open questions
བྱང་ཆུབ་སེམས་,ordinary mind of awakening,The compound occurs as the subject contrasted with compassion and as what cannot be lost through forgetting.,Only the recorded Gongchig occurrences; grammatical number and inflection follow the source.,,སེམས་ — Ordinary mind; ཐ་མལ་གྱི་ཤེས་པ་ — Ordinary knowing,"Gongchig provisional decoded source U00080, U00090. The full compound is absent. Preserve the established ordinary mind component rather than silently introducing generic mind or bodhicitta. Notes M032.",Proposed; Owner approval remains pending; this is a local working proposal only.
སྙིང་རྗེ་,compassion,The quality explicitly distinguished from ordinary mind of awakening.,Only the recorded Gongchig occurrences; grammatical number and inflection follow the source.,,ཐུགས་རྗེ་ — Compassionate responsiveness,Gongchig provisional decoded source U00080. The related thugs rje row explicitly records snying rje as an uncovered term. Keep compassion distinct from compassionate responsiveness. Notes M033.,Proposed; Owner approval remains pending; this is a local working proposal only.
བྱང་ཆུབ་སེམས་དཔའ་,bodhisattva,Whole person-designating compound; includes sems dpa and byang sems abbreviations only at recorded loci.,Only the recorded Gongchig occurrences; grammatical number and inflection follow the source.,,སེམས་ — Ordinary mind; proposed བྱང་ཆུབ་སེམས་,"Gongchig provisional decoded source U00081, U00088, U00104. Whole-expression proposal avoids mechanically turning a person designation into ordinary-mind hero; it does not alter standalone sems. U00104 expansion has a separate syntax note. Notes M034.",Proposed; Owner approval remains pending; this is a local working proposal only.
སྡོམ་པ་,vow,Vows in the bodhisattva section.,Only the recorded Gongchig occurrences; grammatical number and inflection follow the source.,,Proposed འཇུག་སྡོམ་,Gongchig provisional decoded source U00081. Technical vow terminology is absent from the active glossary. Notes M035.,Proposed; Owner approval remains pending; this is a local working proposal only.
འཇུག་སྡོམ་,vow of engagement,The vow expressed as jug sdom and jug pa’i sdom pa; no object of engagement is inserted into the verse.,Only the recorded Gongchig occurrences; grammatical number and inflection follow the source.,,Proposed སྡོམ་པ་; བྱང་ཆུབ་སེམས་,"Gongchig provisional decoded source U00082, U00083. Whole phrase is absent. The source does not repeat awakening as the object of engagement. Notes M036.",Proposed; Owner approval remains pending; this is a local working proposal only.
སོ་སོ་སྐྱེ་བོ་,ordinary individual,Persons in whom vows of engagement can arise.,Only the recorded Gongchig occurrences; grammatical number and inflection follow the source.,,སེམས་ — Ordinary mind,Gongchig provisional decoded source U00082. Ordinary here belongs to a proposed person-designating compound; it does not redefine ordinary mind. Notes M037.,Proposed; Owner approval remains pending; this is a local working proposal only.
ཉོན་མོངས་,affliction,"The affliction family in ethical downfalls, obscuration, and purification.",Only the recorded Gongchig occurrences; grammatical number and inflection follow the source.,,འཁྲུལ་པ་ — Delusion; མ་རིག་པ་ — Ignorance,"Gongchig provisional decoded source U00084, U00091, U00129. No direct entry exists; avoid reusing delusion or ignorance for this distinct term. Notes M038, M039.",Proposed; Owner approval remains pending; this is a local working proposal only.
ལྟུང་བ་,downfall,A downfall in the context of vows.,Only the recorded Gongchig occurrences; grammatical number and inflection follow the source.,,Proposed སྡོམ་པ་,Gongchig provisional decoded source U00084. No established technical entry covers this ethical use. Notes M040.,Proposed; Owner approval remains pending; this is a local working proposal only.
མི་དགེ་,nonvirtue,Ethically nonvirtuous acts; retain the relation to virtue.,Only the recorded Gongchig occurrences; grammatical number and inflection follow the source.,,Proposed དགེ་བ་,"Gongchig provisional decoded source U00085, U00086, U00089, U00127, U00128. No direct assignment or English collision exists. Do not substitute fault, which renders nyes pa. Notes M041, M042.",Proposed; Owner approval remains pending; this is a local working proposal only.
དགེ་བ་,virtue,"Ethical virtue, results, accumulation and dedication.",Only the recorded Gongchig occurrences; grammatical number and inflection follow the source.,,Proposed མི་དགེ་,"Gongchig provisional decoded source U00089, U00102, U00127, U00128. No direct assignment exists; preserve the virtue/nonvirtue relation. Notes M043, M044.",Proposed; Owner approval remains pending; this is a local working proposal only.
ཐབས་མཁས་,skillful means,The construction applies to activity and accumulation with self-grasping.,Only the recorded Gongchig occurrences; grammatical number and inflection follow the source.,,སྤྱོད་པ་ — Activity,"Gongchig provisional decoded source U00086, U00101. No longer assignment exists; the adjectival construction at U00086 retains both skill and means. Notes M045.",Proposed; Owner approval remains pending; this is a local working proposal only.
སྒྲིབ་པ་,obscuration,The three kinds identified with afflictive obscuration.,Only the recorded Gongchig occurrences; grammatical number and inflection follow the source.,,Proposed ཉོན་མོངས་,Gongchig provisional decoded source U00091. No existing entry covers the technical obscuration family. Notes M046.,Proposed; Owner approval remains pending; this is a local working proposal only.
དོན་དམ་བདེན་པ་,ultimate truth,The truth said to be obscured by whatever is established.,Only the recorded Gongchig occurrences; grammatical number and inflection follow the source.,,དོན་ — Meaning,Gongchig provisional decoded source U00092. No whole-expression assignment exists. Propose the technical compound without treating every don substring as a separate meaning noun. Notes M047.,Proposed; Owner approval remains pending; this is a local working proposal only.
ཉན་ཐོས་,hearer,"Practitioner category, including the first part of nyan rang.",Only the recorded Gongchig occurrences; grammatical number and inflection follow the source.,,Proposed རང་སངས་རྒྱས་,"Gongchig provisional decoded source U00093, U00094, U00153. No entry exists; the contraction nyan rang is split into its two practitioner categories locally, not normalized in the source. Notes M048, M049.",Proposed; Owner approval remains pending; this is a local working proposal only.
རང་སངས་རྒྱས་,solitary realizer,"Second practitioner category in the contraction nyan rang; the expanded headword is proposed, not attested in these lines.",Only the recorded Gongchig occurrences; grammatical number and inflection follow the source.,,རང་སངས་ — Self-purified; རྟོགས་པ་ — Realization,"Gongchig provisional decoded source U00094, U00153. Do not misread the contraction as canonical self-purified. The proposed conventional person label contains realizer but does not change the rtogs pa mapping. Notes M050, M051.",Proposed; Owner approval remains pending; this is a local working proposal only.
ས་,level,Numbered bodhisattva levels and the collective sa lam; distinguish from gzhi.,Only the recorded Gongchig occurrences; grammatical number and inflection follow the source.,,གཞི་ — The Ground; ཐོབ་ — Attainment,"Gongchig provisional decoded source U00094, U00095, U00096, U00097, U00098. No sa entry exists. Level preserves the technical distinction from The Ground; U00132 English level renders tshod and is ordinary degree language, not the same Tibetan technical item. Notes M052.",Proposed; Owner approval remains pending; this is a local working proposal only.
སེམས་ཙམ་པ་,Ordinary-mind-only,Provisional school/position label in the equation with seventh-level manifest realization.,Only the recorded Gongchig occurrences; grammatical number and inflection follow the source.,,སེམས་ — Ordinary mind,Gongchig provisional decoded source U00095. The whole school label is absent; retain the complete ordinary mind component and disclose capitalization/hyphenation as local presentation. Notes M053.,Proposed; Owner approval remains pending; this is a local working proposal only.
མངོན་རྟོགས་,manifest realization,Realization identified with the seventh level.,Only the recorded Gongchig occurrences; grammatical number and inflection follow the source.,,རྟོགས་པ་ — Realization; མངོན་སུམ་ — Direct perception,Gongchig provisional decoded source U00095. The compound is absent. Preserve realization; do not replace it with direct perception merely from mngon similarity. Notes M054.,Proposed; Owner approval remains pending; this is a local working proposal only.
ཆོས་ཀྱི་བདག་མེད་,selflessness of phenomena,The realization actualized at the eighth level.,Only the recorded Gongchig occurrences; grammatical number and inflection follow the source.,,ཆོས་ཉིད་ — Nature of phenomena,"Gongchig provisional decoded source U00096. No direct entry; phenomena is already an identifiable component in established chos expressions, but selflessness is unassigned. Notes M055.",Proposed; Owner approval remains pending; this is a local working proposal only.
ཚོགས་གཉིས་,two accumulations,"The two accumulations in Ground, path and result; the same accumulation noun recurs with a gathering verb.",Only the recorded Gongchig occurrences; grammatical number and inflection follow the source.,,ཟུང་འཇུག་ is uncovered; compare ཞི་ལྷག་ཟུང་འབྲེལ་ — Union of calm abiding and insight,"Gongchig provisional decoded source U00099, U00101. Do not invent the identities of the two accumulations. United is an ordinary construction for zung jug here, not a new universal synonym for an established compound. Notes M056.",Proposed; Owner approval remains pending; this is a local working proposal only.
ཞིང་,field,The field to be chosen in the accumulation context; no specific recipient is supplied.,Only the recorded Gongchig occurrences; grammatical number and inflection follow the source.,,Proposed ཚོགས་གཉིས་,Gongchig provisional decoded source U00100. No technical assignment exists. “Higher” from the reference is excluded as unsupported. Notes M057.,Proposed; Owner approval remains pending; this is a local working proposal only.
བསྔོ་བ་,dedication,Dedicating virtue and dedication to buddhas and gurus.,Only the recorded Gongchig occurrences; grammatical number and inflection follow the source.,,Proposed དགེ་བ་,"Gongchig provisional decoded source U00102, U00103. No direct entry; dedicate is the grammatical verb in U00102. Notes M058.",Proposed; Owner approval remains pending; this is a local working proposal only.
གསང་སྔགས་,secret mantra,The teaching and discipline context; sngags alone retains mantra at local occurrences.,Only the recorded Gongchig occurrences; grammatical number and inflection follow the source.,,Proposed མདོ་; རྒྱུད་ contextual tantra,"Gongchig provisional decoded source U00105, U00125, U00126, U00127, U00128. No direct technical assignment or competing English output exists. Notes M059.",Proposed; Owner approval remains pending; this is a local working proposal only.
དབང་,empowerment,Empowerment as attained and conferred; distinct from faculty compounds.,Only the recorded Gongchig occurrences; grammatical number and inflection follow the source.,,དབང་བཞི་ — Four empowerments; དབང་པོ་རབ་ — Superior faculty,"Gongchig provisional decoded source U00106, U00107. Standalone/verb usage is not separately established, but empowerment preserves the existing whole-expression component; do not extend to dbang po as faculty. Notes M060.",Proposed; Owner approval remains pending; this is a local working proposal only.
བསྐྱེད་པའི་རིམ་པ་,generation stage,The stage said to be fully established from the beginning.,Only the recorded Gongchig occurrences; grammatical number and inflection follow the source.,,སྒོམ་པ་ — Cultivation,Gongchig provisional decoded source U00109. No direct assignment. Do not relabel cultivation or create a completion-stage counterpart absent from the source. Notes M061.,Proposed; Owner approval remains pending; this is a local working proposal only.
རང་བྱུང་,naturally arising,The plural referents at U00110; subject identity remains unresolved.,Only the recorded Gongchig occurrences; grammatical number and inflection follow the source.,,རང་བྱུང་ཡེ་ཤེས་ — Naturally arising primordial knowing; རང་ཤར་ — Self-arising,Gongchig provisional decoded source U00110. Uses the documented component wording as a proposal; do not substitute the separate self-arising assignment or import primordial knowing. Notes M062.,Proposed; Owner approval remains pending; this is a local working proposal only.
མཚན་དཔེ་,major marks and minor signs,Qualities attributed to all deities; exact source is the contracted compound.,Only the recorded Gongchig occurrences; grammatical number and inflection follow the source.,,མཚན་ཉིད་ at U00138 is a different expression,Gongchig provisional decoded source U00111. No entry exists. Expansion of the compact pair is provisional; distinguish defining characteristics in U00138. Notes M063.,Proposed; Owner approval remains pending; this is a local working proposal only.
མདོ་,sutra,Textual corpus contrasted with tantras and mantra.,Only the recorded Gongchig occurrences; grammatical number and inflection follow the source.,,རྒྱུད་ — Continuum; proposed tantra contextual use,"Gongchig provisional decoded source U00112, U00126. The textual genre is not assigned in the active glossary. Notes M064.",Proposed; Owner approval remains pending; this is a local working proposal only.
རྒྱུད་,tantra,Contextual textual-genre use in mdo rgyud and sman rgyud only.,Only the recorded Gongchig occurrences; grammatical number and inflection follow the source.,Local contextual proposal; original རྒྱུད་ assignment remains active.,རྒྱུད་ — Continuum; ལུ་གུ་རྒྱུད་ — Vajra chains,"Gongchig provisional decoded source U00112, U00117. Coordination with sutra and the medical-text compound provide positive genre evidence. Continuum remains mandatory for the personal continuum in U00106/U00132/U00133. Notes M065.",Proposed; Owner approval remains pending; this is a local working proposal only.
སྤྲོས་པ་,elaborations,Elaborations after the requirement for extensive ritual; ritual is bracketed in translation.,Only the recorded Gongchig occurrences; grammatical number and inflection follow the source.,Local contextual proposal; original སྤྲོས་བྲལ་ assignment remains active.,སྤྲོས་བྲལ་ — Free from conceptual elaborations,Gongchig provisional decoded source U00114. The standalone term lacks an entry. The ritual context supports leaving conceptual unsupplied rather than importing it from the separate compound. Notes M066.,Proposed; Owner approval remains pending; this is a local working proposal only.
རྟེན་འབྲེལ་,interdependent connection,Connections of the situation in the ritual context.,Only the recorded Gongchig occurrences; grammatical number and inflection follow the source.,,,Gongchig provisional decoded source U00114. No existing whole-expression or English collision exists. The exact force of bab kyi remains separately noted. Notes M067.,Proposed; Owner approval remains pending; this is a local working proposal only.
རྡོ་རྗེའི་ལུས་,vajra body,The body identified as a profound wheel.,Only the recorded Gongchig occurrences; grammatical number and inflection follow the source.,,སྐུ་ — Embodiment; རྡོ་རྗེའི་གནས་བཅུ་གཅིག་ — Eleven vajra topics,Gongchig provisional decoded source U00115. No whole-expression assignment. Preserve body for lus; do not overwrite embodiment for sku. Notes M068.,Proposed; Owner approval remains pending; this is a local working proposal only.
རྩ་,channel,Channels paired with winds in instructions.,Only the recorded Gongchig occurrences; grammatical number and inflection follow the source.,,རླུང་ — Wind; ཀ་ཏི་ཤེལ་གྱི་སྦུ་གུ་ཅན་ — Kati crystal tube channel,"Gongchig provisional decoded source U00119. Standalone technical channel is absent, though channel occurs in an established longer name. Notes M069.",Proposed; Owner approval remains pending; this is a local working proposal only.
བཀའ་,authoritative word,The authoritative teaching used as a criterion for experiential acquaintance and outcomes.,Only the recorded Gongchig occurrences; grammatical number and inflection follow the source.,,སྒྲ་ — Word; གདམས་ངག་ proposed pith instruction,"Gongchig provisional decoded source U00120, U00122. No standalone assignment exists; authoritative marks the different Tibetan source from lexical word. Do not silently specify the Buddha as speaker. Notes M070.",Proposed; Owner approval remains pending; this is a local working proposal only.
ལོག་རྟོག་,mistaken conceptualizing,Experiential acquaintance contrary to the authoritative word.,Only the recorded Gongchig occurrences; grammatical number and inflection follow the source.,,རྟོག་ — Conceptualizing; རྟོག་པ་ — Conceptual thought; རྟོགས་པ་ — Realization,Gongchig provisional decoded source U00120. The compound is absent. Preserve conceptualizing and distinguish it from realization. Notes M071.,Proposed; Owner approval remains pending; this is a local working proposal only.
གདམས་ངག་,pith instruction,Instructions contrasted with the authoritative word.,Only the recorded Gongchig occurrences; grammatical number and inflection follow the source.,,Proposed བཀའ་ — authoritative word,Gongchig provisional decoded source U00122. No canonical assignment exists; the contrast is retained without declaring one universally superior. Notes M072.,Proposed; Owner approval remains pending; this is a local working proposal only.
ཏིང་འཛིན་,deep absorption,Contracted form used for flawless absorption as a cause of samsara.,Only the recorded Gongchig occurrences; grammatical number and inflection follow the source.,Local contextual proposal; original ཏིང་ངེ་འཛིན་ assignment remains active.,ཏིང་ངེ་འཛིན་ — Deep absorption,Gongchig provisional decoded source U00123. The contraction is absent as a headword; the proposed realization retains the existing full-expression assignment. Notes M073.,Proposed; Owner approval remains pending; this is a local working proposal only.
ཁམས་གསུམ་,three realms,"The three realms of samsara, without enumerating them.",Only the recorded Gongchig occurrences; grammatical number and inflection follow the source.,,,Gongchig provisional decoded source U00123. The phrase lacks an assignment; no names of the three are added. Notes M074.,Proposed; Owner approval remains pending; this is a local working proposal only.
ཚུལ་ཁྲིམས་,ethical discipline,Discipline in mantra and its relationship to activity and Mahamudra.,Only the recorded Gongchig occurrences; grammatical number and inflection follow the source.,,སྤྱོད་པ་ — Activity,"Gongchig provisional decoded source U00125, U00144, U00146, U00152. No direct assignment. Discipline must not replace activity for spyod pa. Notes M075, M076.",Proposed; Owner approval remains pending; this is a local working proposal only.
འདུལ་བ་,Vinaya,The disciplinary textual/doctrinal domain contrasted with mantra.,Only the recorded Gongchig occurrences; grammatical number and inflection follow the source.,,Proposed ཚུལ་ཁྲིམས་ — ethical discipline,Gongchig provisional decoded source U00128. Whole technical title is provisional; no silent equation with the separate discipline term. Notes M077.,Proposed; Owner approval remains pending; this is a local working proposal only.
བདེ་བར་གཤེགས་པ་,Blissfully Gone One,Person-designating title at U00129.,Only the recorded Gongchig occurrences; grammatical number and inflection follow the source.,,,Gongchig provisional decoded source U00129. No canonical entry. Preserve the going/person component that the human reference’s true bliss loses; capitalization identifies the proposed title. Notes M078.,Proposed; Owner approval remains pending; this is a local working proposal only.
མངོན་སྤྱོད་,forceful ritual activity,Activity contrasted with merely displaying power in the mantra section.,Only the recorded Gongchig occurrences; grammatical number and inflection follow the source.,,སྤྱོད་པ་ — Activity; མངོན་སུམ་ — Direct perception,"Gongchig provisional decoded source U00130. No whole-expression assignment. Preserve activity; ritual force is a contextual proposal, not an inference from direct perception. Notes M079.",Proposed; Owner approval remains pending; this is a local working proposal only.
རྡོ་རྗེ་དམྱལ་བ་,vajra hell,Hell identified with Avici and the like.,Only the recorded Gongchig occurrences; grammatical number and inflection follow the source.,,རྡོ་རྗེའི་གནས་བཅུ་གཅིག་ — Eleven vajra topics,Gongchig provisional decoded source U00131. The compound has no entry; its asserted identification is preserved without adding doctrine. Notes M080.,Proposed; Owner approval remains pending; this is a local working proposal only.
མནར་མེད་,Avici,The named hell in the phrase Avici and the like.,Only the recorded Gongchig occurrences; grammatical number and inflection follow the source.,,Proposed རྡོ་རྗེ་དམྱལ་བ་,Gongchig provisional decoded source U00131. The proper-name identification is a local proposal and not an established glossary assignment. Notes M081.,Proposed; Owner approval remains pending; this is a local working proposal only.
གཤིས་,actual condition,The condition in which something does or does not abide; syntax remains unresolved.,Only the recorded Gongchig occurrences; grammatical number and inflection follow the source.,,གནས་ལུགས་ — Natural state; རང་བཞིན་ — Intrinsic nature,Gongchig provisional decoded source U00137. No gshis entry exists. Use a distinct provisional expression rather than silently making it equivalent to natural state or intrinsic nature. Notes M082.,Proposed; Owner approval remains pending; this is a local working proposal only.
སྟོང་ཉིད་,emptiness,The nominalized emptiness expression used in two assertions.,Only the recorded Gongchig occurrences; grammatical number and inflection follow the source.,Local contextual proposal; original སྟོང་པ་ assignment remains active.,སྟོང་པ་ — Emptiness; གསལ་སྟོང་ — Clarity-emptiness,"Gongchig provisional decoded source U00142, U00150. The exact nominalized form is absent; retain the established emptiness family as a linked usage proposal. Notes M083.",Proposed; Owner approval remains pending; this is a local working proposal only.
བླང་དོར་,accepting and rejecting,The pair from which activity is free; source order is accepting then rejecting.,Only the recorded Gongchig occurrences; grammatical number and inflection follow the source.,,སྤང་བླང་ — Rejecting and accepting,Gongchig provisional decoded source U00144. The encountered compound uses dor and reverses the established related pair’s order. Keep both members in source order rather than substituting a doctrinal synonym. Notes M084.,Proposed; Owner approval remains pending; this is a local working proposal only.
ཕྱག་ཆེན་,Mahamudra,Contracted expression in its relation to ethical discipline and all qualities.,Only the recorded Gongchig occurrences; grammatical number and inflection follow the source.,Local contextual proposal; original ཕྱག་རྒྱ་ཆེན་པོ་ assignment remains active.,ཕྱག་རྒྱ་ཆེན་པོ་ — Mahamudra,"Gongchig provisional decoded source U00146, U00147. The exact contraction is absent; the proposed abbreviation mapping preserves the established complete-expression assignment. Notes M085.",Proposed; Owner approval remains pending; this is a local working proposal only.
བདག་ཉིད་,very identity,Predicate relating Mahamudra to all qualities.,Only the recorded Gongchig occurrences; grammatical number and inflection follow the source.,,ངོ་བོ་ — Essence; རང་བཞིན་ — Intrinsic nature,"Gongchig provisional decoded source U00147. Avoid silently reassigning essence or intrinsic nature. Very identity is a narrow construction-level proposal, not a universal ontology. Notes M086.",Proposed; Owner approval remains pending; this is a local working proposal only.
མཉམ་པར་བཞག་,resting in equipoise,Verbal expression from which all qualities arise.,Only the recorded Gongchig occurrences; grammatical number and inflection follow the source.,Local contextual proposal; original མཉམ་གཞག་ assignment remains active.,མཉམ་གཞག་ — Equipoise; ཅེར་གཞག་ — Naked resting,Gongchig provisional decoded source U00148. The expanded verbal form is absent. Preserve equipoise; do not import naked resting or the unrelated pending hand-posture wording. Notes M087.,Proposed; Owner approval remains pending; this is a local working proposal only.
ཐབས་ལམ་,path of means,Conjectural candidate for the attested tham lam at U00151 only; not a source correction.,Only the recorded Gongchig occurrences; grammatical number and inflection follow the source.,,Source ཐམས་ལམ་; proposed ཐབས་མཁས་,Gongchig provisional decoded source U00151. This headword is not the attested string. A separate source note exposes the conjecture; do not activate or normalize without evidence. Notes M088.,Proposed; Proposed conjectural usage only; physical-source verification and owner approval are both pending.
རིགས་སྤྱོད་,activity of the families,The especially exalted activity identified with ethical discipline.,Only the recorded Gongchig occurrences; grammatical number and inflection follow the source.,,སྤྱོད་པ་ — Activity,"Gongchig provisional decoded source U00152. No whole expression is assigned. Preserve activity; families remains a narrow, explicitly uncertain interpretation of rigs. Notes M089.",Proposed; Owner approval remains pending; this is a local working proposal only.
ཡོན་ཏན་,quality,"Qualities in level attainment, deity marks, Mahamudra and causal cultivation.",Only the recorded Gongchig occurrences; grammatical number and inflection follow the source.,,,"Gongchig provisional decoded source U00098, U00111, U00138, U00147, U00148, U00149. No direct entry or competing established output exists; the source does not separately add good to these occurrences. Notes M090, M091, M092.",Proposed; Owner approval remains pending; this is a local working proposal only.
འཁོར་འདས་,samsara and nirvana,Contracted pair used for all who accumulate virtue and all phenomena.,Only the recorded Gongchig occurrences; grammatical number and inflection follow the source.,,Proposed འཁོར་བ་,"Gongchig provisional decoded source U00102, U00135. No whole-expression assignment. Do not translate the second component mechanically as passing beyond when it names the contrasted domain. Notes M093, M094.",Proposed; Owner approval remains pending; this is a local working proposal only.
འཁོར་བ་,samsara,Cyclic existence in the three realms; linked to the first member of khor das.,Only the recorded Gongchig occurrences; grammatical number and inflection follow the source.,,Proposed འཁོར་འདས་,Gongchig provisional decoded source U00123. No direct entry exists. The local term is kept consistent with the paired domain wording. Notes M095.,Proposed; Owner approval remains pending; this is a local working proposal only.
མུ་,possibility,The sixfold logical grouping governing attainment and qualities.,Only the recorded Gongchig occurrences; grammatical number and inflection follow the source.,,,"Gongchig provisional decoded source U00098. The classifier is technical in this quantified construction; its six members remain unspecified, not reconstructed. Notes M096.",Proposed; Owner approval remains pending; this is a local working proposal only.
མཚན་ཉིད་,defining characteristic,Characteristics needed to generate qualities; the bearer is unspecified.,Only the recorded Gongchig occurrences; grammatical number and inflection follow the source.,,རང་མཚན་ — Specifically characterized reality; proposed མཚན་དཔེ་,Gongchig provisional decoded source U00138. The standalone compound is absent. Do not apply the specialized rang mtshan assignment or conflate this with deity marks. Notes M097.,Proposed; Owner approval remains pending; this is a local working proposal only.
ཤོལ་གོལ་,delay and deviation,"The two predicates applied to the emptiness of hearing, reflection and cultivation.",Only the recorded Gongchig occurrences; grammatical number and inflection follow the source.,,སྟོང་པ་ — Emptiness; སྒོམ་པ་ — Cultivation,Gongchig provisional decoded source U00142. Neither component has an active assignment; the exact doctrinal force remains an open source-linked review item. Notes M098.,Proposed; Owner approval remains pending; this is a local working proposal only.
